{"options":{"check_for_updates":true,"comment":null,"compatopts_for_requires":true,"compat_wrappedjsobject":false,"compat_metadata":false,"compat_foreach":false,"compat_powerful_this":null,"sandbox":null,"noframes":null,"unwrap":null,"run_at":null,"tab_types":null,"override":{"use_includes":[],"orig_includes":[],"merge_includes":true,"use_matches":[],"orig_matches":["*://cutdl.xyz/*","*://stfly.me/*","*://shrinke.me/*","*://gplinks.co/*","*://linksly.co/*","*://smgplaza.com/*","*://shortzon.com/*","*://icutlink.com/*","*://*.hamody.pro/*","*://*.mealob.com/*","*://megablogme.com/*","*://tribuntekno.com/*","*://namemegablog.com/*","*://doctor-groups.com/*","*://link.turkdown.com/*","*://safe.intipanime.com/*"],"merge_matches":true,"use_excludes":[],"orig_excludes":[],"merge_excludes":true,"use_connects":[],"orig_connects":[],"merge_connects":true,"use_blockers":[],"orig_run_at":"document-start","orig_noframes":null}},"settings":{"enabled":true,"position":1},"meta":{"name":"Additional Bypass","uuid":"2d7cd6bf-97e5-40e5-a147-fa073e06e966","modified":1690357003729,"file_url":"https://greasyfork.org/scripts/443888-additional-bypass/code/Additional%20Bypass.user.js"}}